matchId,puuid,teamId,summonerLevel,role,teamPosition,kills,deaths,assists,championId,win,teamEarlySurrendered,totalTimeSpentDead,timePlayed,longestTimeSpentLiving,tier,rank,championLevel,championPoints
NA1_5207183857,oRLhpoapz3X3vKMeaz26kATbT3h6bwUAO4v-helkX6Yk8whWClZKVL0NTNui1nhNgUy5DTHhu-T1qQ,100,218,DUO,TOP,1,4,1,777,False,False,151,1489,635,UNRANKED,UNRANKED,18,167672
NA1_5207183857,X23dwJkyB4EeXiMJTWb7fxItnDPFjhycK-kLI-9EU86AB3AQRimM_gwS6jUKVb7VfzZCaVJhj1-8Mg,100,301,NONE,JUNGLE,4,6,2,11,False,False,193,1489,711,BRONZE,I,26,291033
NA1_5207183857,bwqxxScwvp3q78wVbcprwrSOv8zazhUoBMqdbzxYJVkmRlDcrZx1_LJfyaXESFK0YSS2h25O1bSuDA,100,174,DUO,MIDDLE,0,8,2,136,False,False,280,1489,562,BRONZE,IV,7,52624
NA1_5207183857,XxFgT4tiNEgaB_QgBrhdKfOR2JLDlpsaR0-L4oUapAFQv7ELePl2VO6VWB8d4bGz-ftfzNn6KA5wvg,100,564,CARRY,BOTTOM,1,3,5,21,False,False,107,1489,998,UNRANKED,UNRANKED,6,42297
NA1_5207183857,f2neozcgmByUepTzm9inrUbkK4KGbZWNqeTR7tKWykLl_UN7ZtlKKgSnMWByTSGQJDhkLzIZLKoHrw,100,284,SUPPORT,UTILITY,2,2,4,235,False,False,99,1489,1351,PLATINUM,III,12,105633
NA1_5207183857,SYxgG9shm1c5h2C326l4Tk1y6Bxty_xxZq9cxxY4i9eTGTx_JGv2ibJkkjO31lDN4C8orPRHHJciqg,200,472,SOLO,TOP,4,1,11,58,True,False,45,1489,1030,SILVER,III,5,22387
NA1_5207183857,6FbqQf5Ym8Rc2RbVur293J-pmb1_T-0y946B14LTwJCl3RrhMPfyTywdFTNQdSOCO7jq1ytI9c38kg,200,133,NONE,JUNGLE,7,1,8,106,True,False,20,1489,579,IRON,II,15,131530
NA1_5207183857,0BMzC1lhTxcTsUAkujrHHGvjNzkbZ3d_DdMuKhfEgBnGzxC2JBUUYbqLmPFiwWwlvxDF5ic2mwfYOQ,200,257,SOLO,MIDDLE,7,0,6,901,True,False,0,1489,0,IRON,III,6,37501
NA1_5207183857,lwEA_84LnkSAfa6-ACy7u6ukE1AjVZgROLpc-xFxWFfqMUEZ1vHNzvIYbv4FlrmGV4w7_j_X3_OgcA,200,367,NONE,BOTTOM,2,5,5,119,True,False,173,1489,422,SILVER,II,6,41370
NA1_5207183857,qwpTx8dqPymiZ4GGxtfFmJCdHcbQ1rJYcf5Kh92AyC4jIwIkx0D58no4Iga4rKSJoLlWxcTQ1uCfIw,200,463,SOLO,UTILITY,3,1,13,412,True,False,28,1489,712,GOLD,I,7,49564
NA1_5203436873,73O-40Orva9U4A-9CRmy4oBdLFrhrzx8o3ATUdk_1rAXrnUKDFnAhXP3jOupC3tbPcvTPTHkQ4TILw,100,403,SUPPORT,TOP,3,4,0,799,False,False,99,1172,414,UNRANKED,UNRANKED,3,7760
NA1_5203436873,IW40Xut4vQcEO6AHUq1toPD3P5dWvPfgFuNF1IhLwxegl7vLNdBsvCBwPzsd16_TqKht-L2RhKdlBg,100,28,SUPPORT,JUNGLE,5,5,2,19,False,False,119,1172,403,IRON,IV,24,352249
NA1_5203436873,_bfd-8aZi6A8d11UM1XE8Nj7NivsTV26MhkMiZ8hoTYRgFfsskt2HCJ54UppYhuZwp9x6M3XqbDoXA,100,309,SUPPORT,MIDDLE,1,7,1,131,False,False,203,1172,286,UNRANKED,UNRANKED,102,1196630
NA1_5203436873,lwEA_84LnkSAfa6-ACy7u6ukE1AjVZgROLpc-xFxWFfqMUEZ1vHNzvIYbv4FlrmGV4w7_j_X3_OgcA,100,366,DUO,BOTTOM,3,3,1,119,False,False,102,1172,692,SILVER,II,6,41370
NA1_5203436873,qwpTx8dqPymiZ4GGxtfFmJCdHcbQ1rJYcf5Kh92AyC4jIwIkx0D58no4Iga4rKSJoLlWxcTQ1uCfIw,100,462,SUPPORT,UTILITY,0,2,4,412,False,False,66,1172,850,GOLD,I,7,49564
NA1_5203436873,nKKmQNZRkq4CjhyQde14WfZT_lhonSTDfZN4N3HBDO4jzjEnie2XYi6_rziFwVhlwDRNxldPp2JJrQ,200,274,DUO,TOP,5,3,3,111,True,False,66,1172,346,UNRANKED,UNRANKED,6,35264
NA1_5203436873,2B-SdWy6AwuUEigV4_baNHr6s6S_hGu4k_7bzmh5N0ERFZi05uZ0hWjCBiMkZh_0PwUf2TcTxTpdHQ,200,490,SUPPORT,JUNGLE,5,1,4,19,True,False,14,1172,443,BRONZE,I,63,899604
NA1_5203436873,CAr5dqkccxSNZ0VP1YJ3IR9_9LAB0E6J792Oc1L8T9i59zb3J5FdME0CB0LI7lMRsdY0hKjL5TSuiA,200,277,SUPPORT,MIDDLE,7,4,4,112,True,False,129,1172,495,PLATINUM,IV,7,49298
NA1_5203436873,V-t6KAWb8B8Hr_WrIrbSIpmVYmIXTBwnNCl5uO2nW29WwmuHSiw8XUZbXblV5JqVpLKPeB898bxlAw,200,100,SUPPORT,BOTTOM,4,2,4,29,True,False,34,1172,375,BRONZE,IV,28,452415
NA1_5203436873,ZWE8dRFL0E7qYNx95bTISYIR3kUljKJgZ5LWpZJHC4nX8FYTVltC9Hu76c05gF8RfG9fuFpfJdR2IA,200,23,SUPPORT,UTILITY,0,2,5,17,True,False,22,1172,151,UNRANKED,UNRANKED,3,6293
NA1_5207183857,oRLhpoapz3X3vKMeaz26kATbT3h6bwUAO4v-helkX6Yk8whWClZKVL0NTNui1nhNgUy5DTHhu-T1qQ,100,218,DUO,TOP,1,4,1,777,False,False,151,1489,635,UNRANKED,UNRANKED,18,167672
NA1_5252912571,rKq89hj6O-9KKQUD-L5KsdLsA3W8xZRO27UBXpYu_l5UhZe63-1gd2I8EtlbnlCgckdeKgNKwUCQQg,100,25,SOLO,TOP,14,3,5,10,True,False,86,1610,641,UNRANKED,UNRANKED,2,4728
NA1_5252912571,oRLhpoapz3X3vKMeaz26kATbT3h6bwUAO4v-helkX6Yk8whWClZKVL0NTNui1nhNgUy5DTHhu-T1qQ,100,274,NONE,JUNGLE,9,6,6,19,True,False,168,1610,387,UNRANKED,UNRANKED,6,33807
NA1_5252912571,Dw_9J06clCr2fXBY0nHgcmDDwRrzAHhbnz41p2lzvCXQv8qGpjh327MIeaUMVaCErZBJmeDdwM_Mkw,100,309,SOLO,MIDDLE,1,4,10,233,True,False,90,1610,615,IRON,IV,1,1260
NA1_5252912571,WCAJjSB5dLVZKKecUn4owYpdXYybZU2jDtXLkxs5L9EY2a388AEMT77mxrmRHcl_Y2d7XFoskeUcCg,100,243,CARRY,BOTTOM,11,12,12,29,True,False,378,1610,325,IRON,II,7,50869
NA1_5252912571,BogDtby5TRs5aIShgNg-SzG4pQnV4ZfuLRC1-5GKR0NMVEvb7nCe9Wjk_SuBhDCqMvHj3i5QHlF1bQ,100,29,SUPPORT,UTILITY,2,3,27,350,True,False,82,1610,433,UNRANKED,UNRANKED,7,43862
NA1_5252912571,Yud6QRh_PbTXgO9hTVBUG5Ng8g8hw6WecrTRK5SPoIrNkLPq2KtUXiD1RKNmjzOORpciY3Em1TkMlQ,200,599,SOLO,TOP,3,8,2,114,False,False,274,1610,458,GOLD,IV,6,32044
NA1_5252912571,40xoaL2GV5MqivIeq2jOJxLEYLT6k9BncM05K50TB0EUIFvPWTEw92I71AqsBIRmyHY86Ryrzmoanw,200,70,NONE,JUNGLE,7,5,6,19,False,False,154,1610,739,UNRANKED,UNRANKED,7,50396
NA1_5252912571,TC9rRDWuWCmNfNWAtVCZEWAo9kTMZwhe3IGQF4Noj467ogEjusoH9jmTcDZL_ynPYMR_6KUz_rRymQ,200,797,SOLO,MIDDLE,7,4,10,51,False,False,171,1610,937,SILVER,III,58,658596
NA1_5252912571,3LAIM0YhBXOxkmk2kukpvIbhaDLmPMkcRYfv2oOqChLU76pNB9S5Z1BK_JIQiYYUVLX_qVJwFJao0Q,200,397,CARRY,BOTTOM,6,11,7,18,False,False,347,1610,318,UNRANKED,UNRANKED,8,62928
NA1_5252912571,ujdIMgcqS9BnZKM-ZGnPxpjXRr94I4v6M9bdxGcnx7H1FIipLfl68I53pei__9bQE3YAlUHYZyqAvQ,200,104,SUPPORT,UTILITY,5,9,9,25,False,False,197,1610,314,UNRANKED,UNRANKED,10,88398
NA1_5252390115,oRLhpoapz3X3vKMeaz26kATbT3h6bwUAO4v-helkX6Yk8whWClZKVL0NTNui1nhNgUy5DTHhu-T1qQ,100,274,DUO,TOP,20,2,4,122,True,False,70,1838,828,UNRANKED,UNRANKED,16,147451
NA1_5252390115,6qLW4hZqF_sY1Xrm6pbGfDIocRlp5oEN6zD5GHZRoVXsdjzVw2ZFZZOBNtDtQ1yCi9Bi-25VAeftYg,100,122,NONE,JUNGLE,3,2,14,25,True,False,53,1838,691,UNRANKED,UNRANKED,7,50653
NA1_5252390115,yVWGoJ03M-_PoIIFR3vAeAmsqmWYWnutwZR5gPqLCWETbzrmrffnl_EzorPo1V-Q4BRqERv2SZbXMg,100,58,DUO,MIDDLE,4,6,14,800,True,False,211,1838,523,UNRANKED,UNRANKED,1,1404
NA1_5252390115,02NRpPnMQR2gws31epH4JZyGV6qSjjtb06qiGX3ME7mqJasCSnn3XZkenps9sD_151UcqJoGLatPHA,100,74,CARRY,BOTTOM,8,5,14,99,True,False,175,1838,605,BRONZE,IV,28,300163
NA1_5252390115,-dPjpeI7Hjny3G35dmCT0T4RdF5HpN22gLPBruvckQbIuBCfcBKXEiwrqZbOMFgCNrmPydhUZee-2w,100,29,SUPPORT,UTILITY,1,1,18,350,True,False,14,1838,398,UNRANKED,UNRANKED,8,62647
NA1_5252390115,_w5OmI2YRtJkwHlWX_slxUMTfszlazro9adBwjWPuQ1ZWj_j7vXkBLM4aMCce9xtsbYvtNFPs2FiDg,200,521,SOLO,TOP,0,10,7,14,False,False,277,1838,549,UNRANKED,UNRANKED,4,21298
NA1_5252390115,tg4ISrFDmPcpFOKZ9CZ4kFuwVllnjwmb4V38ltIxVYjMPc6IP5ijw-NQ_59UX9ImKkUp4NJ3frzS3w,200,105,NONE,JUNGLE,4,5,7,203,False,False,148,1838,670,UNRANKED,UNRANKED,4,17202
NA1_5252390115,tTh9zIoN1RlEiRYXFzvkOAz-2khgazITPU4dXTtN2kp7Is_OQoyOPCTH6A9A9ityvPPHb2oWvLyNAg,200,41,SOLO,MIDDLE,4,7,3,38,False,False,206,1838,377,IRON,IV,4,12799
NA1_5252390115,qscfyj1oBCFOfhbbOaPm_rtl_N0YL-vN4SiaEQJ9Fu25I5v1PKi0anF7DaqWeP_lL3xEp1MFAWp3cw,200,57,CARRY,BOTTOM,8,6,0,360,False,False,219,1838,826,IRON,III,5,21996
NA1_5252390115,Kb-TUZotx_yEw45D6cmnr6WI15fHw2uVa5sosT4IrOSvnmM_nGUs6-0xxEX3xqmLMwFVN7kO9QXUkg,200,57,SUPPORT,UTILITY,0,10,6,16,False,False,385,1838,547,UNRANKED,UNRANKED,3,8031
NA1_5252378286,ezIhKssTFME2s0as3cPcjtlx0azjYagFHLYTpSGR9KDVEZhyqcLtCYA7Z6lUUTRZmTZ0PeCnALZL5A,100,75,NONE,TOP,5,1,2,17,True,False,16,1309,893,IRON,IV,7,47855
NA1_5252378286,oRLhpoapz3X3vKMeaz26kATbT3h6bwUAO4v-helkX6Yk8whWClZKVL0NTNui1nhNgUy5DTHhu-T1qQ,100,274,NONE,JUNGLE,10,2,1,19,True,False,50,1309,596,UNRANKED,UNRANKED,6,33807
NA1_5252378286,jHQ3H4e8Vw7VRli-aEQGNbBY23F-sm-tF1tAWysdRF3lUdQg9mPuz6bKUUNfPcX8GzrZGV3b8p4zsw,100,31,SOLO,MIDDLE,2,4,8,711,True,False,105,1309,315,UNRANKED,UNRANKED,9,69249
NA1_5252378286,NkJXqG5d90pXV3XZkRPnr_IpabHY7FN6hOHFDhx5PlYQUXBv0n0JXtm5KWADkmgmymgOb99rfsSSlg,100,54,CARRY,BOTTOM,12,3,5,51,True,False,113,1309,882,UNRANKED,UNRANKED,13,115658
NA1_5252378286,Kb-TUZotx_yEw45D6cmnr6WI15fHw2uVa5sosT4IrOSvnmM_nGUs6-0xxEX3xqmLMwFVN7kO9QXUkg,100,57,SUPPORT,UTILITY,1,4,18,16,True,False,117,1309,556,UNRANKED,UNRANKED,3,8031
NA1_5252378286,zPd_nwBOifkG4XVO-GekyxpWzQdwB3NXsS248k4_wiqMmAKDYjmRDVSiiWG21qaQVEePwJIq0T3Epg,200,13,CARRY,TOP,1,6,0,83,False,False,211,1309,611,UNRANKED,UNRANKED,3,9884
NA1_5252378286,FJtCi61E2qEmqqs8JKXaJRDnqws1fEzEAv_EQoSZPE1BZ7cSB8cX6cyvDlDMVajhr3G-7Ktcm8teDA,200,162,NONE,JUNGLE,6,6,4,131,False,False,150,1309,351,IRON,II,7,48937
NA1_5252378286,Mtmh86e8TW_4hG6UM9DDtcIFenyiE4nsgDwK-zJLbrovSkTOoRyG_40to38cpIbQksNRciX7Lig1Fg,200,282,SOLO,MIDDLE,5,4,4,136,False,False,144,1309,543,IRON,II,4,21386
NA1_5252378286,SCxO1p7M63n47mbqq78aNJPhO29wvvC84FKJ2kK5xz-voW6V-z86v_hYKtQ4_M5rhMvw5_PjQvTfuA,200,18,SUPPORT,BOTTOM,2,9,1,777,False,False,188,1309,225,UNRANKED,UNRANKED,2,3018
NA1_5252378286,DGKAvKyyKDtgjjHf21OqI9pQFLjru-wZLWvNOXajgW8CjjwTT8YbHD0sl-sUtoIOWMKqsc-EC6M7GQ,200,67,SOLO,UTILITY,0,5,4,235,False,False,128,1309,605,IRON,II,3,10079
NA1_5252375243,kfDS7V05_sRFNdCOp1UhAFCzA-CsKcPrPVwi9YKJAcpaNuVSoifi22e6WBTN04LlovS4KxeJMkrzcQ,100,92,SUPPORT,TOP,0,0,0,245,True,False,0,103,0,UNRANKED,UNRANKED,4,14308
NA1_5252375243,oRLhpoapz3X3vKMeaz26kATbT3h6bwUAO4v-helkX6Yk8whWClZKVL0NTNui1nhNgUy5DTHhu-T1qQ,100,274,SUPPORT,JUNGLE,0,0,0,19,True,False,0,103,0,UNRANKED,UNRANKED,6,33807
NA1_5252375243,cIqOY7jiF00LRCiTiyvkp-PO7IC8MwA1YEZyHJeiClGQxLV7eW3ppqFqekWJk5ypjY7DVcwb_-OO7A,100,153,SUPPORT,MIDDLE,0,0,0,1,True,False,0,103,0,UNRANKED,UNRANKED,6,35227
NA1_5252375243,FAyb98E3g7ZYTeaRGAmybI22O73PPYN-YusbzANMLoOw6yrM3Bs4PiXT9ab9UQtCxKBA4hxQlwngUQ,100,289,SUPPORT,BOTTOM,0,0,0,51,True,False,0,103,0,BRONZE,I,10,98839
NA1_5252375243,BlyHzHEbVYDkzcl9LIY6GzTLgv7TatD8I3BQYwU4m-RHKthApdQUphgcT2M-YNSrl9gtIBMJHjvIFw,100,381,SUPPORT,UTILITY,0,0,0,98,True,False,0,103,0,IRON,IV,12,108146
NA1_5252375243,Plpnk0ML4AIs9L638lxDBoYY2xbDcrxlph3cNwwdIUdGtDIOlOAmjvSucSwxZoFfQ0bqzTYiyPrpuw,200,215,SUPPORT,TOP,0,0,0,17,False,True,0,103,0,UNRANKED,UNRANKED,12,98605
NA1_5252375243,gR_n5nlqpAkcP3cJnguCuCJ5wFQhHDNIbiHYmUOPbASepQ9mpMEZzrQFPWmd9SxvnEPEBQOEXLfZUg,200,59,SUPPORT,JUNGLE,0,0,0,233,False,True,0,103,0,UNRANKED,UNRANKED,3,10134
NA1_5252375243,AKGZ2v96Csp748vK6LesPKFRa44zvnCjCyRM44JYv4KzApt3RxElPTjAD1p190Bnii56DtxzrKAcgg,200,99,SUPPORT,MIDDLE,0,0,0,157,False,True,0,103,0,BRONZE,IV,13,109103
NA1_5252375243,GFXlvU3MdiDsnerk4HYd-6Yw4dCe7UfIdzOrkEEi2qpRdomyQqJHGIEXrAeceI2xsJew6XjPj5UTfw,200,421,SUPPORT,BOTTOM,0,0,0,67,False,True,0,103,0,UNRANKED,UNRANKED,3,9170
NA1_5252375243,OLIu1vFnY_0tv896_SNs9eYrTJ8zClVr7s-dP_8HpWbcZAWkOMiWIi2ulCdBKXQLJK5hx5TKrEi7IQ,200,73,SUPPORT,UTILITY,0,0,0,147,False,True,0,103,0,UNRANKED,UNRANKED,8,55646
NA1_5252361786,qoxuZL5bG4dhrDyb44LQqH9Ohv_059FPieo_NAFbUPRKoxtYk4zdphaaXTyweFf-QKtQbIFYygANbA,100,25,SOLO,TOP,6,4,4,74,False,False,144,1437,1074,UNRANKED,UNRANKED,3,6529
NA1_5252361786,vN2FrOWZe8V2mTYi7UbQE9Q7O20Z_gLyVLEMPzXrJGqIlHg14Q70XjY5W9vA1ObVa1wtIN2AozCekg,100,357,NONE,JUNGLE,2,8,1,11,False,False,219,1437,257,UNRANKED,UNRANKED,44,499516
NA1_5252361786,WLEY9a-680jgfgTujPFnrjjMWFVfTKc5pRlmvGjODLJdQ44IxJom5vlYsA3UqBjZJtnEQtw8dqu6EA,100,520,SOLO,MIDDLE,1,7,1,51,False,False,170,1437,290,UNRANKED,UNRANKED,8,55916
NA1_5252361786,blFSQTnf9c8NIb-r-Rsub-HjATjyNp7KvQb9bJBfuVA9bhwUESBIogH-PpPi5Aa4aEmqS6y1CzFuHA,100,25,CARRY,BOTTOM,2,4,0,498,False,False,108,1437,857,UNRANKED,UNRANKED,4,15132
NA1_5252361786,OnKxv7HZ9axSUExMNR4TyDUqgXqMATVlWbXPQ-cImi6dCK1vHvwnZPF0gfbOAZKfMulS0fYoypmeSg,100,288,SUPPORT,UTILITY,0,5,3,76,False,False,150,1437,561,UNRANKED,UNRANKED,9,84480
NA1_5252361786,LSgoDwiWXSHyo_Nx6wBK0S4DHLJRBje2WWe6zH1t7qTXis9fx0SEct2gQHzLiKTssBGxh3qD8QtTuA,200,51,SOLO,TOP,4,6,0,875,True,False,188,1437,358,IRON,IV,11,93596
NA1_5252361786,oRLhpoapz3X3vKMeaz26kATbT3h6bwUAO4v-helkX6Yk8whWClZKVL0NTNui1nhNgUy5DTHhu-T1qQ,200,274,NONE,JUNGLE,9,1,4,254,True,False,12,1437,305,UNRANKED,UNRANKED,5,24619
NA1_5252361786,S2aFpKDgmFQeJkQOdjRvZBxJb6qxGqourHbYFg3mprBWqakPsgRboehY2M2d5NnBW6Vut7Q6PwMwKA,200,47,SOLO,MIDDLE,5,2,9,55,True,False,80,1437,987,UNRANKED,UNRANKED,13,120104
NA1_5252361786,RRnvjNafj-91I2JnxxrU0wRKLRPD8X8slHSsfORdU2N8koFHsKTcL4XAc0whVJXjEPxHdbWKl4qRoA,200,98,CARRY,BOTTOM,5,2,6,245,True,False,74,1437,922,IRON,IV,25,374404
NA1_5252361786,ARovpf41auizAWUz_drfStDegOTJg2a0oRR1bqgdg0TqXA8eUbrreKVzP2d3Ifsn_vdqaAeUncRu_w,200,265,SUPPORT,UTILITY,5,0,13,147,True,False,0,1437,1433,IRON,IV,7,53223
NA1_5252338482,mK-rPauAOswNeMRuHNIfyQ1Cn5xClAh9KOGWQPqj9vYkPFhWcLO93AOX0Be4BRu3LzweNiDLOh24bQ,100,16,DUO,TOP,5,6,6,36,False,False,154,1724,554,UNRANKED,UNRANKED,4,14438
NA1_5252338482,VwGZ29C_9ZhIavqgbHSGypoScp0MTJ9Laa4S9nIIo60bykGTTf-4XcRgelwD2F3xK7bTENhbcz_mWQ,100,130,NONE,JUNGLE,8,9,6,131,False,False,310,1724,577,UNRANKED,UNRANKED,21,318596
NA1_5252338482,Q4Y6G9oCI3nx6eknT9JNfjsQB7DiAzJrRT0tqbE__6kQnpc0KoAulZmcLXQNLuKR3nJb2qTZJ3LVtA,100,54,DUO,MIDDLE,5,11,4,246,False,False,308,1724,238,UNRANKED,UNRANKED,4,19856
NA1_5252338482,nTMHOpftnZCM9YwAVm3amzBHC7Tqf0Fu9qfdJqfRFj5nf0VBKdLUfEB7O68B63KHPrInhFE8eravVw,100,45,CARRY,BOTTOM,3,7,7,22,False,False,252,1724,699,UNRANKED,UNRANKED,19,293514
NA1_5252338482,EVPurYfORGqbDLjjYkrY-BATZAFA3VyUKkTb-aksPy_xdIPNnSo7T4ie5fHEeBBuKAjM7f7bIDvo0g,100,88,SUPPORT,UTILITY,0,10,5,235,False,False,257,1724,270,IRON,II,19,217241
NA1_5252338482,1FTjvDThfDlz58Sz_N7bqEuOvj7S_KChhfOQBxC41k7__3RRhUHlD8uk99-mnfijeRqtjRv4AoTwrg,200,92,SOLO,TOP,6,9,4,17,True,False,337,1724,336,UNRANKED,UNRANKED,8,53749
NA1_5252338482,oRLhpoapz3X3vKMeaz26kATbT3h6bwUAO4v-helkX6Yk8whWClZKVL0NTNui1nhNgUy5DTHhu-T1qQ,200,274,NONE,JUNGLE,10,1,5,254,True,False,35,1724,845,UNRANKED,UNRANKED,5,24619
NA1_5252338482,46hZGN8eJi6OEsa1edVCM8s4X3_kh45tLqFVhQtspq7hkZ7r5hM3MA9AyAHoLDar-844HfM3Kk5fow,200,166,SOLO,MIDDLE,13,2,16,134,True,False,100,1724,1046,BRONZE,II,2,1862
NA1_5252338482,r9_IpxKiAID6xdxum1gkvZlBE8QhoszvmWbAhZMv7f6DsiCO_ZeF6dNQIjWqw4Ss5PjxmzEgIxNmqQ,200,48,CARRY,BOTTOM,9,6,11,800,True,False,248,1724,732,UNRANKED,UNRANKED,5,30804
NA1_5252338482,HC7Vp34KHm1KnFImehdHt59blLJOdlaxaXtqu2X1yQbsRBMtppSgfytTikF4Jp36kv6st_5vpPYgqg,200,79,SUPPORT,UTILITY,5,3,18,101,True,False,149,1724,1033,UNRANKED,UNRANKED,12,102901
NA1_5252322022,a2YcEGPtGS9AINslbqDg8m_p-_NB8A--Zk4gcYg0iyqI9a3GzCFlsrqNCtTwUfqNi2jBIWjb6T2T5Q,100,113,SOLO,TOP,6,0,12,31,True,False,0,1438,0,IRON,IV,6,32014
NA1_5252322022,IdiMgsgcYbIqUsCZxawQF4dLzh-pmVlpsK7iMwI6o6DgvzwrNaigkPkUvQXEyCtUd_Dt8TAg62urDw,100,67,NONE,JUNGLE,5,3,7,141,True,False,97,1438,597,IRON,II,6,31734
NA1_5252322022,oRLhpoapz3X3vKMeaz26kATbT3h6bwUAO4v-helkX6Yk8whWClZKVL0NTNui1nhNgUy5DTHhu-T1qQ,100,274,SOLO,MIDDLE,15,4,7,131,True,False,145,1438,664,UNRANKED,UNRANKED,10,78810
NA1_5252322022,Joyy68q-sKhz_5bgBZOnpenGtYxnGhQ6gTYxnMAu9XRMcdhWfJBZMUurXVkiOaYq_LoGTgs8nNd19Q,100,83,CARRY,BOTTOM,9,5,15,51,True,False,153,1438,471,UNRANKED,UNRANKED,12,104351
NA1_5252322022,iH52L1QUvltPqTUJRZL00zQ0Gt09A33XzRk2vcJutLbiDBa6Zmrl3zUZwtBz3m2VotwiryOQohP-pA,100,129,SUPPORT,UTILITY,9,4,14,115,True,False,94,1438,605,UNRANKED,UNRANKED,21,250450
NA1_5252322022,d5NISisqS934C2SMWso8jc9QQ3wfis8OJ68EiO9uQLF980yvAhLclXhgTwbC6Fjm6xHcDYmVhZs30Q,200,342,DUO,TOP,0,10,4,27,False,False,310,1438,219,UNRANKED,UNRANKED,18,192343
NA1_5252322022,BsHNij0KwECrvnsymLncEn-_9lj6C-k-LXx8mlK7IOlazVbCgUXQ2eLkb-rndoAAD0jL_ifuoxU1ag,200,15,NONE,JUNGLE,3,3,4,800,False,False,83,1438,976,UNRANKED,UNRANKED,2,2625
NA1_5252322022,BUMKddIOFaBOr4w0Jd-EIYs03HQuZXyVINRiNjLPwTFa5pXhhO05JrWXRTtiXiscMTsVheo5xLAyZA,200,47,DUO,MIDDLE,1,10,2,105,False,False,248,1438,268,IRON,I,2,1884
NA1_5252322022,2gn-iaiCyRsFmD4rhwG29WhEAVLmTtWgr-yUQPnbkrpIO2OtJHbTLHPqa72I8TXHVKWQJOFZmbxUlQ,200,15,CARRY,BOTTOM,8,13,4,222,False,False,381,1438,417,UNRANKED,UNRANKED,3,9865
NA1_5252322022,DihxS8qi8UFFiAmRNDIDG5YUtY325hqMB798pmJn32awoa1_oAZA8L6_oQB40LrLNEgRPw04ut5unQ,200,73,SUPPORT,UTILITY,3,8,6,111,False,False,201,1438,248,UNRANKED,UNRANKED,4,18737
NA1_5252299411,tsvvfTPmVn2JPqTGxac_NBwJiHt8jUiC-msrG8Y73Q90SsbgricJ35Z-p-kZYVNBy4YA4FyEWSSIXg,100,149,DUO,TOP,6,7,1,122,False,False,234,1751,566,UNRANKED,UNRANKED,8,57901
NA1_5252299411,hZSFfa0T0I4Zfx2LfFehWKP4YEi47Lrts9X3trSaX0N5IOY6KvXIrNPkYGZPinWllcMmQjOaKZgPOA,100,19,NONE,JUNGLE,3,7,3,233,False,False,236,1751,690,UNRANKED,UNRANKED,3,7282
NA1_5252299411,oRLhpoapz3X3vKMeaz26kATbT3h6bwUAO4v-helkX6Yk8whWClZKVL0NTNui1nhNgUy5DTHhu-T1qQ,100,274,DUO,MIDDLE,10,9,3,245,False,False,311,1751,320,UNRANKED,UNRANKED,8,62839
NA1_5252299411,bjD3stbUG-StkbgKTh9uFgjIBji9SBqd_BU3wqKIJ3YTbVuhkgMk7U0FeP1HW4H4BiAlN5g9hhDdFQ,100,109,DUO,BOTTOM,9,6,6,81,False,False,233,1751,395,BRONZE,IV,3,7672
NA1_5252299411,fWwujrzh-hJ4JfiTE2sgFG2Yjoq9PCjs6GakAD_iei5CChoxa4A6sD5T74v3rNj7ZnkLxzbloZ7YsA,100,17,DUO,UTILITY,2,8,8,50,False,False,290,1751,729,UNRANKED,UNRANKED,2,4354
NA1_5252299411,NlYgcnzjyqAV3BaCrMnh_PAZ8TxnecL0DjnyWR1kVHLTJYmzTSufVOibpLNycyuZZjDmkOUEmeJkRw,200,33,SOLO,TOP,9,3,4,799,True,False,99,1751,473,UNRANKED,UNRANKED,2,4205
NA1_5252299411,lhAZK9LioSVYLQeS_KGNktCr9AzJoq6z3FXkW_M3YVftGGaZHPIxfkTFIFqmGTFQ-kJhaXOCmb7NwA,200,40,NONE,JUNGLE,13,3,13,876,True,False,125,1751,597,IRON,IV,7,53423
NA1_5252299411,mIeOx6HpLf-sFGaZzZu4YQas2GvGPC_ILX3vEBcovPq6UwphxEyoMeSAGQa9wzQlJCKVhie8f6L7Aw,200,310,SOLO,MIDDLE,11,9,10,63,True,False,345,1751,389,UNRANKED,UNRANKED,39,443569
NA1_5252299411,aYaWuX-fRcsZ5yFAb_WWvcjXQnFOrqvf_GMIEVC-m_VwIYn4khKnzasfjcnR6UcXB6IMeW_DCzlR6Q,200,11,CARRY,BOTTOM,2,8,5,22,True,False,217,1751,490,UNRANKED,UNRANKED,1,1279
NA1_5252299411,OjkAkNwN2qtJRqFXoOE-uCCbVAhprG09Wytffit6woqQaW1xPP1QEDoYb1pSOwx83wnvI1e3uK88nQ,200,143,SUPPORT,UTILITY,2,7,19,235,True,False,220,1751,342,UNRANKED,UNRANKED,3,11703
NA1_5252281156,7ig6JsduYJwoLcrNxCRFwv1NJZKzSurMi6xpY5ZQFe6VzN8MnM_krgiO3KkYonTa3dR4S03Smd_HSw,100,178,SUPPORT,TOP,0,1,0,42,False,False,10,1211,156,UNRANKED,UNRANKED,12,98848
NA1_5252281156,K_tRH1zCl7R68gCITbCllJGTJlk62MvvMPLhdCptgXNMoaEPMfXsci_Us1BXGZWxsnucdiMHc1n6ZA,100,82,NONE,JUNGLE,5,7,6,20,False,False,156,1211,243,IRON,III,5,26057
NA1_5252281156,oRLhpoapz3X3vKMeaz26kATbT3h6bwUAO4v-helkX6Yk8whWClZKVL0NTNui1nhNgUy5DTHhu-T1qQ,100,274,SOLO,MIDDLE,1,1,2,157,False,False,0,1211,1195,UNRANKED,UNRANKED,8,57937
NA1_5252281156,4m6IWXODchU-A_x0A9FdVJiMWgpp9AnCp0lqCwZUM5nYHIe-Jf5ib16BV0szbY2pXKI7trhb7Z135Q,100,71,CARRY,BOTTOM,6,7,5,222,False,False,194,1211,365,IRON,IV,6,31666
NA1_5252281156,3Am36yK7hhJWKnmYoVhoi7dZZGWTno1SmQl3NMDy85qXtid4kYz9GjnMfsiYu8vY7De3e4bxhO1wbg,100,231,SUPPORT,UTILITY,2,7,8,34,False,False,158,1211,358,UNRANKED,UNRANKED,6,36942
NA1_5252281156,NlYgcnzjyqAV3BaCrMnh_PAZ8TxnecL0DjnyWR1kVHLTJYmzTSufVOibpLNycyuZZjDmkOUEmeJkRw,200,33,SOLO,TOP,3,2,7,799,True,False,71,1211,803,UNRANKED,UNRANKED,2,4205
NA1_5252281156,lhAZK9LioSVYLQeS_KGNktCr9AzJoq6z3FXkW_M3YVftGGaZHPIxfkTFIFqmGTFQ-kJhaXOCmb7NwA,200,40,NONE,JUNGLE,3,3,8,876,True,False,88,1211,456,IRON,IV,7,53423
NA1_5252281156,84i6XExggrwMSQA_-oA3CmjE2KxWZCs_AgIQ22BLjSrTDQ56lW6AKFFM42XjO1AQ0tgpsrqsBJShZg,200,39,SOLO,MIDDLE,3,2,0,238,True,False,61,1211,505,UNRANKED,UNRANKED,5,25923
NA1_5252281156,Y49_-b0SaFBOXV7NKqnza0TjflBflLfUMK4tMHG_OTPVKOk9B05pSd8x_C22SZycDidv2JRg5ObXAA,200,548,CARRY,BOTTOM,11,2,6,22,True,False,40,1211,436,IRON,III,35,359535
NA1_5252281156,O0sdbTtVZwLTDH9UAqMqV9BMBoc32hxxJg02zBhbu1lJzquB7auN-NecNxKnael1dK4f42inY99MEQ,200,65,SUPPORT,UTILITY,3,5,17,89,True,False,106,1211,377,SILVER,IV,3,6408
NA1_5252258662,nrejXwT8oFUGPcZVollZfOrJoqakSRcMuLSWbO-0NeZTLlVjpju1t9LK4yFV8WNjjt3CdaNLOQZBjA,100,55,DUO,TOP,5,4,11,80,True,False,108,1646,572,UNRANKED,UNRANKED,4,19377
NA1_5252258662,zZqKFJp49zrivcuYSjYBbEjmDNFuMMyeqrsw50jA9GlqjZSjIBgPj9fcGNDm1hR9wujXZ1peB1RUyQ,100,50,NONE,JUNGLE,2,3,3,234,True,False,120,1646,936,UNRANKED,UNRANKED,3,10498
NA1_5252258662,oRLhpoapz3X3vKMeaz26kATbT3h6bwUAO4v-helkX6Yk8whWClZKVL0NTNui1nhNgUy5DTHhu-T1qQ,100,274,DUO,MIDDLE,2,5,9,157,True,False,231,1646,948,UNRANKED,UNRANKED,8,57937
NA1_5252258662,VVNW2P4OEWCHkPGZeCKQRJCPYxAzCrt-1It-0nKhnZGYhm_4K7RQbZy0NMabfv7Z2osWTmqvP228vg,100,383,CARRY,BOTTOM,28,3,9,523,True,False,125,1646,661,UNRANKED,UNRANKED,8,59122
NA1_5252258662,qdZQgI_bDGx0-_Y9MXnvVHItruLdwMSvvmvCMJv8QXZtBwWwfI5vJydCEherfHHb5KilOERunATzWQ,100,40,SUPPORT,UTILITY,6,5,22,111,True,False,121,1646,465,UNRANKED,UNRANKED,4,13113
NA1_5252258662,5JzOpvj-hDB-0ihgXtXRAAT-3z8D0QJIkrCVvSK9hYON3Ond1xOzxdtyM3GBppK_7FOBhK4pUBBUmA,200,213,SOLO,TOP,8,7,8,17,False,False,267,1646,580,UNRANKED,UNRANKED,39,429583
NA1_5252258662,yCXiYaGrgpNP9boNL_TZMkUyIb9nwolNWoywo61DlS7zUpd1P1c9JWZ76nT_gqXlMJnez7vDFZV9bA,200,104,NONE,JUNGLE,6,10,9,86,False,False,306,1646,201,IRON,IV,20,490006
NA1_5252258662,QNCVc9R3f8iwHSXYdiqoZDMApmrpEW7teA6ipi74WSsmieFKwiP99T2JAIBqd08fdmqHXvPT0_F1qA,200,41,SOLO,MIDDLE,1,5,8,45,False,False,192,1646,733,IRON,IV,4,15178
NA1_5252258662,2vqajP6zM_AqyLkT6_YhseJa4YbNRqGDAlCmyJ9xGPqfx5ieetWCRjPqe3fW_u5uFmKA5EDaGmto3A,200,22,CARRY,BOTTOM,4,10,1,202,False,False,230,1646,253,UNRANKED,UNRANKED,1,608
NA1_5252258662,MpQ0bX4KaMzIVW4qyarqEWPfuAeH_fylsXUOHzDi1wsPMdHoDnfg5vVm75mIA-iP_3uNErcnLGPemQ,200,11,SUPPORT,UTILITY,1,11,8,25,False,False,300,1646,257,UNRANKED,UNRANKED,1,658
NA1_5252237107,CHq3A-i2tBiGCNUslZaQ3IiJLWanXfih-nBrDsxFi3zRRYits5pxYZ1Qq0uLbE_MDZSug1QUJsa85g,100,57,SOLO,TOP,9,7,3,39,False,False,226,1695,375,UNRANKED,UNRANKED,7,45554
NA1_5252237107,y542H1KzvUyNKMEARqAueKDK1rh_C2GLGqftvUgNaC3MKJcJoa8PKvdQZf3rfNtknaxmepb4dxhKUQ,100,66,NONE,JUNGLE,2,9,5,950,False,False,290,1695,492,UNRANKED,UNRANKED,3,9725
NA1_5252237107,h15XhoelGw2hZSYWcDp3jjn3WvpqRPRwOb1wlVf7osasDiTXaz8HSAQcvc_unMtELs3_g9TJeq8cEg,100,28,SOLO,MIDDLE,0,6,5,90,False,False,173,1695,479,UNRANKED,UNRANKED,3,6894
NA1_5252237107,3-wVyHjUoFMShEqEGi-1k18_72Jjmevv6HwmmPBIfrXtgSLLynv3psEJwdtqkDDzRdf203gO9jIx5A,100,169,CARRY,BOTTOM,6,5,1,22,False,False,156,1695,863,UNRANKED,UNRANKED,65,1347710
NA1_5252237107,XQGZKpG38nKIystm3gmcvFtQAiC3g2leMGHJWLSBh5MhBzxNm55z5lI-51b45saq8ukAGMn_k2YeWA,100,96,SUPPORT,UTILITY,0,2,7,497,False,False,84,1695,922,UNRANKED,UNRANKED,4,15221
NA1_5252237107,nb0t7Rk28vvoJ5N74kQnwJQ-ULG41U40P12ELV6M3JBGuUAZ4TXHSZtTOhOSNcGjiv6eq8M_ROhE4A,200,127,DUO,TOP,6,6,12,114,True,False,187,1695,624,IRON,I,3,9563
NA1_5252237107,oRLhpoapz3X3vKMeaz26kATbT3h6bwUAO4v-helkX6Yk8whWClZKVL0NTNui1nhNgUy5DTHhu-T1qQ,200,273,NONE,JUNGLE,9,4,5,11,True,False,92,1695,773,UNRANKED,UNRANKED,6,40956
NA1_5252237107,Cve6-0ZAeBxJySwVoG8uz84w57f-3acB1Qi2W0h2jrQTeUK58cardr758iiNZYAhbLelxdBBa6so0w,200,44,SOLO,MIDDLE,6,1,8,103,True,False,20,1695,458,SILVER,III,4,14322
NA1_5252237107,Sc5U5DhzTpskzPz4YL1e9G8WAGHWlg5ESMqVqB9r9fNAZmsOxaRBE1Su0RY7QiB_sV0Di-n825eC9g,200,40,DUO,BOTTOM,4,3,8,80,True,False,87,1695,470,IRON,III,4,15603
NA1_5252237107,q2Hx1o64jwURHAYQXiSLtGoN2wPJqn43dnjJ-RMVmRXWTjsQflbEjGwM58FH5z-ispczImttlx2xbA,200,20,SOLO,UTILITY,4,3,9,25,True,False,113,1695,770,UNRANKED,UNRANKED,6,36616
NA1_5251664016,oRLhpoapz3X3vKMeaz26kATbT3h6bwUAO4v-helkX6Yk8whWClZKVL0NTNui1nhNgUy5DTHhu-T1qQ,100,273,SOLO,TOP,12,1,5,106,True,False,56,1573,1427,UNRANKED,UNRANKED,5,24062
NA1_5251664016,9zD3MNGVZnQfiSY8eknEBKrYBGu9fRFGc2HVPOlIsd1k0cgCO3cZ9eqBjtTNzefpbos-GWsS_0c16Q,100,92,NONE,JUNGLE,13,3,7,876,True,False,84,1573,836,IRON,IV,9,70430
NA1_5251664016,UrHOUeKg-3Yr9qQ1VSQ-XnPsZUPVE2yL147kFEuWIhU-ov1etYKcN4e6pmoBXuPp8ssITSrBAokUsA,100,106,SOLO,MIDDLE,11,6,5,157,True,False,230,1573,541,UNRANKED,UNRANKED,15,160559
NA1_5251664016,S78ZDHDXZ26_10rx4BFCq_23ESrQJmLZN3bOC4A_fZHa3sDAUUPNMEdmL1GcOtBDZf6brKX48xfxqA,100,97,DUO,BOTTOM,3,9,5,67,True,False,251,1573,262,UNRANKED,UNRANKED,2,3796
NA1_5251664016,4tXRsqsdsh5ATAXu7niXTIL5Q9gq7K7nnGdt9b6e_POxrIo2o8x6ESpXRHaiB64iYgKKO6tRFlqmMA,100,80,DUO,UTILITY,0,10,7,235,True,False,292,1573,283,UNRANKED,UNRANKED,1,1246
NA1_5251664016,SNinJKWhYNFc7eOaZHTS96sH-KLFVS8WiuQLupSlmXyamifqsqUWk_HZ-t9dN_p23NEmPsz5ckLTzw,200,71,DUO,TOP,4,8,2,8,False,False,207,1573,305,BRONZE,IV,3,8407
NA1_5251664016,Y1MLCo86ufLYLypVsopjIY3aml7CXsRl9Z441ahBERDpapNjALKrOpqK7mBxANAXPvhZC8RvQu53HA,200,70,NONE,JUNGLE,5,10,4,24,False,False,281,1573,259,IRON,IV,2,2493
NA1_5251664016,Ss_-wbq8yH5whr30Xlv5DeUFCf1RgAsJmAV9MyaUmNl_Do9rX5PnWC9r4-pvWc7IVVfxoj4s4yRAhg,200,216,DUO,MIDDLE,3,5,8,22,False,False,145,1573,729,UNRANKED,UNRANKED,94,1218545
NA1_5251664016,oHbrfmHB4P28CMI6ioUyoREmHMYIL35RdX0ng6Y3cD3iLDRQ_2gKktEG2osMBHGX3bO1vwFK5zz9yw,200,190,CARRY,BOTTOM,8,9,9,10,False,False,256,1573,303,UNRANKED,UNRANKED,2,4722
NA1_5251664016,5zLc7lfWLS1g_B5jswx52qoQNZQxSUW3j6CoPkY_cQJa41zzc3lm95_aN3hLhaQd0uPjxem_s3tCEg,200,228,SUPPORT,UTILITY,9,8,7,161,False,False,246,1573,388,UNRANKED,UNRANKED,6,40181
NA1_5251639002,7HOSVH9zvi0zmxqEcox6zzrRShlC7OnO0aiy70daHCzoU-6SBS4Uja7RLbH2dYu_IiXMzUx_G6Dm3w,100,88,SOLO,TOP,7,5,11,17,True,False,207,1849,588,IRON,III,11,87809
NA1_5251639002,jVpZaOC8OkXSiTx3F2rR2ktv2NVhK9Rc1bJ-GVP3to8N6DLCPFPjWk2nQQqyWjAvbTMmYWNCwjRRVw,100,36,NONE,JUNGLE,12,4,4,887,True,False,167,1849,582,IRON,II,14,119848
NA1_5251639002,4WiiBiVyMODp8-lrR3DaUh4pIfIHO3tOejBzTSS1kvYzxjQkrVOUNXGqtIdYnIeFWdL_TLIg69LGrQ,100,27,SOLO,MIDDLE,6,9,12,157,True,False,326,1849,366,UNRANKED,UNRANKED,5,30973
NA1_5251639002,t8sDx0uZpzHzFUrDz9YqnYBMzkLpnD2H9lSjX65gJNZ88voClTc0qj-XwEiDBI_k-JeaDMxNHeJ20Q,100,41,DUO,BOTTOM,3,7,9,48,True,False,211,1849,406,UNRANKED,UNRANKED,7,46791
NA1_5251639002,Ss_-wbq8yH5whr30Xlv5DeUFCf1RgAsJmAV9MyaUmNl_Do9rX5PnWC9r4-pvWc7IVVfxoj4s4yRAhg,100,216,DUO,UTILITY,0,2,9,40,True,False,58,1849,802,UNRANKED,UNRANKED,3,9741
NA1_5251639002,WzLKWlCmuLYzV2a6EZeH0WC6sWM9TRoiezoyBEBe-MRMyC3fvrqkVSOUXoaJRICZWQcO9wYZvjaZYg,200,28,SOLO,TOP,4,8,5,777,False,False,264,1849,379,UNRANKED,UNRANKED,3,11564
NA1_5251639002,oRLhpoapz3X3vKMeaz26kATbT3h6bwUAO4v-helkX6Yk8whWClZKVL0NTNui1nhNgUy5DTHhu-T1qQ,200,273,NONE,JUNGLE,6,6,5,11,False,False,168,1849,482,UNRANKED,UNRANKED,6,40956
NA1_5251639002,B6Vv7vf26ebdTfZL69gnJ5NrOdr31Oe2ebCxQHZF3_JbfUm7Bjqxwtf0zMqF43A0iYvEMZ0eP4f3jQ,200,93,SOLO,MIDDLE,4,3,8,711,False,False,158,1849,1225,IRON,I,2,1850
NA1_5251639002,ncAmaBHNeeFct8EilP2HTrf8qu70TyvoTrrX2bhQuM3eURQ7XeKjYsuvOp4IPAJ6I6Kzejay2cZFNA,200,253,SOLO,BOTTOM,11,7,3,523,False,False,281,1849,763,IRON,II,4,13228
NA1_5251639002,0vYbswNa_ighj3-ndQ1hAgfVjNDMvjhHIk5itdnxyDwUoI8znkQt-NhFENViNbNr972815S_vR2vLg,200,98,NONE,UTILITY,2,4,7,875,False,False,144,1849,1088,UNRANKED,UNRANKED,4,17875
NA1_5251618300,TRrEn-jmIP0BrOdQ9ZoL354A92pHppm9yxGdiwmHohBn-n9YUCkwqL5Xe1CP5MXR2BldwADLSGwUnA,100,179,SOLO,TOP,1,6,2,875,False,False,188,1281,657,UNRANKED,UNRANKED,8,62834
NA1_5251618300,WkB84k3YC0FHl-t9kuUOz41ntMyh0peifq0dXUdFoFB0FT_igM5mYICcv7TrDjniWJY6gMWGTcEFkQ,100,396,NONE,JUNGLE,3,4,2,120,False,False,69,1281,689,UNRANKED,UNRANKED,2,3215
NA1_5251618300,fp-avRs-AlsbZXhFyQ6BlS6nDJeXg91_bUEPi9rgSrGtrv5w8YrJ66nUUOSYjfJ7tA3FevHpHJJKYQ,100,39,SOLO,MIDDLE,2,7,1,517,False,False,159,1281,297,UNRANKED,UNRANKED,3,7697
NA1_5251618300,dKKU-k8wOXQO7tMNsVJi8hEXDDu6LTtWEFB95fdthrskWANtGZ5-IsMBJAs0Kx5Ld2blnkZxm0AFbA,100,29,CARRY,BOTTOM,1,3,1,18,False,False,78,1281,1061,UNRANKED,UNRANKED,5,24709
NA1_5251618300,oT55t2s495K3n2GLoJtkvaOR6cFH3An3PcLX10npjkCMffq08fX0XxRoO4R0LccMS6QeVnHKoW7oCA,100,72,SUPPORT,UTILITY,0,2,1,497,False,False,36,1281,964,IRON,II,3,7370
NA1_5251618300,oRLhpoapz3X3vKMeaz26kATbT3h6bwUAO4v-helkX6Yk8whWClZKVL0NTNui1nhNgUy5DTHhu-T1qQ,200,273,DUO,TOP,3,2,4,106,True,False,56,1281,891,UNRANKED,UNRANKED,5,24062
NA1_5251618300,yO7glFXFipCsekoRpR1Xv4K91jxUCBz-aVsgQAITc_rLOjA-jl4sH6gD9VlFtxIfpC9EWUv8A7ZDnw,200,155,NONE,JUNGLE,4,1,7,950,True,False,28,1281,704,BRONZE,IV,2,3886
NA1_5251618300,JihnCdd1e_PHjl4F0UKXonwhqchDyf_2jtNRx6YSctBggmCYV_h941vywEDniK9wTnYfyVt--LHdeg,200,242,DUO,MIDDLE,8,4,2,84,True,False,70,1281,534,IRON,II,60,625714
NA1_5251618300,SA2CUjSrCRwIioorktZXIXqzuGXdKzoPfqFVcPAHLOAl5AOlOG5ZWlu0GFp9YA7QtNDKPpeHyrKDvQ,200,292,CARRY,BOTTOM,6,0,3,202,True,False,0,1281,0,UNRANKED,UNRANKED,4,12906
NA1_5251618300,t0IO8vyN7gTXb_gpMrDjcL9tS5yuaqpduFJdWf1t4WqyX-DPdNAeAv7sBlzB8eflVbgb3Bf30xRFNQ,200,32,SUPPORT,UTILITY,0,0,10,267,True,False,0,1281,0,UNRANKED,UNRANKED,14,134125
NA1_5251596991,EK1ljRy5htJsMs0m7gOY6XY3wj5UQ0U_PhaZqmgOMV1cQt7adqNo1zvK_ap-8Lul4d_qfhpwM_1SRQ,100,74,NONE,TOP,6,8,2,67,False,False,313,1594,641,BRONZE,IV,7,45942
NA1_5251596991,oRLhpoapz3X3vKMeaz26kATbT3h6bwUAO4v-helkX6Yk8whWClZKVL0NTNui1nhNgUy5DTHhu-T1qQ,100,273,NONE,JUNGLE,9,10,4,11,False,False,335,1594,327,UNRANKED,UNRANKED,6,40956
NA1_5251596991,osHAR4nqYJNL9DrwezSsUDNMThIHJwTF8-aX2w7pM_SdGaM37DgZ3L_sJT0NTMRaZUSh0gm6x8cM_g,100,79,SOLO,MIDDLE,3,7,9,38,False,False,265,1594,479,UNRANKED,UNRANKED,3,11028
NA1_5251596991,gjrQ-j7TDGW_Ykxf6h9TBxUOE7_tZirultDDZpQXM9_WTuKUWPQ90i6OZDj4jB326zuySDq1hWW-rg,100,18,CARRY,BOTTOM,1,8,4,18,False,False,268,1594,416,UNRANKED,UNRANKED,4,14358
NA1_5251596991,G8C9XniXzM8v4EbeA76aiaDnfcLWYH_caYiXnipXB_x-J2yGq12FPMhpgTfkobTGCYIikDEiW4BaDg,100,345,SUPPORT,UTILITY,3,9,6,122,False,False,280,1594,554,UNRANKED,UNRANKED,6,41298
NA1_5251596991,pr-xTsCqwT0D293oFcIQcV5EhKL-BY0FJ9HNvysEulT34aYbh0cE1yKF9ea9YJRw4amhmRk-rywzgA,200,70,SOLO,TOP,3,3,6,75,True,False,135,1594,934,IRON,IV,3,7356
NA1_5251596991,ENao3IVhxHrR_uKbTUBN9r9eCWHb_BE9sAV7MsdDII18z-5nwo1RZepdZDKq-Y1VoDWK2q7OPcqlpg,200,90,NONE,JUNGLE,11,5,9,11,True,False,187,1594,837,UNRANKED,UNRANKED,2,4567
NA1_5251596991,DJBNpU06c_ptYc7ardVqnvRUlk5vuIHvw6eJIKkK5b9Q1pbsE50T6mJb2iHbsKWy3lDPPj6XajFezg,200,194,SOLO,MIDDLE,9,4,14,31,True,False,125,1594,621,IRON,I,2,4173
NA1_5251596991,m8gHlRN5eiPQMM_9NEFRbl59_7JRGYXjtLPbgYKnitHea7z8p9cNazalEBq7OJxFzVdqTW8X8VnJCA,200,345,CARRY,BOTTOM,12,3,8,21,True,False,75,1594,371,UNRANKED,UNRANKED,8,54597
NA1_5251596991,n1ymt3llwFUim-W1Zv9DVjZZEmBYGCudlllQ1Utb0Fu3psOVplJnR80faf7ck5yB47YCTIsUmHwehw,200,688,SUPPORT,UTILITY,7,7,11,96,True,False,200,1594,354,BRONZE,IV,2,3300
NA1_5251570558,8kaOKVER-kuUvLlwcpSnBxujvoLL07U0AuTANDs2kEXb-Y5sA89WxM-oMYx87iNSUUrmcrmhgcmt-g,100,480,DUO,TOP,6,4,1,86,True,False,196,1747,982,SILVER,IV,5,27166
NA1_5251570558,JnJnc5vnXwgLFjF66cDHvRqg3Gjj-FFRyxxlioppskZBLqrazvlbKI_hgRWqqL9Y3oV2d4n2TWOyxA,100,145,NONE,JUNGLE,7,4,10,950,True,False,105,1747,361,UNRANKED,UNRANKED,3,6822
NA1_5251570558,dT3C37ctaQkWEucsXaPd1LWfHcr_hE7Z3jru4QyzsgkSvNIm3HJ4I5PWlhMTk9i32LjtlbL9hVORPg,100,367,DUO,MIDDLE,18,1,3,99,True,False,16,1747,349,GOLD,IV,21,233894
NA1_5251570558,-TyYOsWkU6MktXDAs0mjDATJnfrXqwZYvd-MxZ5zJf4HsGIfzjQgIawFyJa-5wNHqfLQF4s8e5LFBw,100,16,CARRY,BOTTOM,0,4,5,22,True,False,152,1747,681,UNRANKED,UNRANKED,5,22341
NA1_5251570558,DofCp1qeivAs03JVDBy2TGBMRFX12J1GL1IvWvPUD0nijOjGocgs1MZOcsImRfzkJVzYl28NoED1UQ,100,513,SUPPORT,UTILITY,3,6,6,518,True,False,190,1747,542,BRONZE,IV,10,75807
NA1_5251570558,WhTfe8-pnMlEkQLNhCU6ehNWIm-wXtOr_8OrbyOFphrb1fVKr4IxtHvVuWMLDrlBsDCMeWG8Ri6GCQ,200,86,DUO,TOP,4,4,2,51,False,False,94,1747,543,BRONZE,II,3,8477
NA1_5251570558,oRLhpoapz3X3vKMeaz26kATbT3h6bwUAO4v-helkX6Yk8whWClZKVL0NTNui1nhNgUy5DTHhu-T1qQ,200,273,NONE,JUNGLE,2,10,7,11,False,False,308,1747,348,UNRANKED,UNRANKED,6,40956
NA1_5251570558,bZ7KXaWvxR5jEV6XDJm8np_0ZXSNSO8desMH_xmmLeGrs3lVyWRYe2jGt7QhOJd8iXoQa6gsKAQRfQ,200,440,DUO,MIDDLE,4,4,2,45,False,False,116,1747,910,UNRANKED,UNRANKED,30,326083
NA1_5251570558,USoh4RrDzLf4tG7YIWKU8uGRsjjTfezlNbuwq0tvwNFxccRTLleDuA1jtjHvOkXwhJjD3YPI9NsQHg,200,150,CARRY,BOTTOM,4,9,7,523,False,False,280,1747,363,UNRANKED,UNRANKED,9,94428
NA1_5251570558,rlP6u9_2suv8Lgri1MW4s42dm0DRrCFsE7zKEuT21uy6cIU3t8jPSousFGtl87wJDLMvdjfynyga3Q,200,85,SUPPORT,UTILITY,5,8,6,17,False,False,313,1747,748,SILVER,IV,6,42133
NA1_5251428908,0d3qgYcYUdTqxWX5fcpf3eRoqvEKDTraneMMI-kYHvwY2dRj4PyQaBLBCMbK5rvRFc8ShmDr5Oo3_g,100,102,SOLO,TOP,3,7,1,23,False,False,238,1617,548,UNRANKED,UNRANKED,5,26434
NA1_5251428908,NJfO-kfImDEWq9XxopbAnmC2vEBmBjOVSimsaX-B2AQh_6Fvh6K9ZB7-eA5abyFyuFwzEBOQ-cmOeA,100,56,NONE,JUNGLE,9,6,1,64,False,False,221,1617,779,BRONZE,IV,6,37282
NA1_5251428908,4V_mLUgP3q1v1A6HvncdEisSbXj28Yiab3mPh9J4tki-W3gyJ4qtEKSLrGGVAsvgJP3qkTrmiZKF1A,100,330,SOLO,MIDDLE,0,9,6,222,False,False,363,1617,634,UNRANKED,UNRANKED,9,75362
NA1_5251428908,1bSzpc31XF1WjASC6cZ6ZkXU61qR5yyRj-adLrbfdrO2E8Q6urRdc5OE0Gh0Yzj9Gtmih_07d3jOmQ,100,55,CARRY,BOTTOM,10,10,6,81,False,False,258,1617,221,UNRANKED,UNRANKED,17,281395
NA1_5251428908,7lOV0rm2I_aXwATgIg2sj7zRvx0QD8sbqpo6t5W-jVom9MMAA0O9FA0ZFFera18b8SRQas71y0KZmQ,100,179,SUPPORT,UTILITY,3,12,12,53,False,False,324,1617,262,IRON,III,1,897
NA1_5251428908,sRTMfP4GE20YlrfPhlJPGX91wFmWK7x6nTgmdVr1LxvWhMu-6qyAQpLkRj3ohlpuiIfUQEeLJs4xVw,200,118,CARRY,TOP,6,2,3,67,True,False,24,1617,1291,UNRANKED,UNRANKED,38,415490
NA1_5251428908,oRLhpoapz3X3vKMeaz26kATbT3h6bwUAO4v-helkX6Yk8whWClZKVL0NTNui1nhNgUy5DTHhu-T1qQ,200,273,NONE,JUNGLE,15,5,5,254,True,False,156,1617,565,UNRANKED,UNRANKED,5,24619
NA1_5251428908,Z-PuhvWh8E8sm0LcvguOHanikNb-7TlbOlVmALRxUHcpXIOI4N2rKu5UUBzrAh4zIU21FXkZV3WJtA,200,94,SOLO,MIDDLE,4,5,12,134,True,False,196,1617,757,BRONZE,III,2,5270
NA1_5251428908,vhgvUiQqCdItmvgVLlGqtkab7Uz-zmnFLQPbuGywqSyVNWnNs5Jv1ZNsqOJVGxPw-Xexh2ZemF584w,200,366,SOLO,BOTTOM,15,5,15,145,True,False,182,1617,399,GOLD,III,11,101327
NA1_5251428908,pHRG17L_PLdIoAt783i0fJcWENEkXxVjEertc9NoEJpe-lbRl0Wj1B26C_I-Kb1Uibsu1JmX1UZeGQ,200,58,SUPPORT,UTILITY,4,8,15,555,True,False,269,1617,403,UNRANKED,UNRANKED,6,32884
NA1_5251413072,X2f4TxSpDAR9YyTEmfY092XsCOXEgyjJxkSRR13me2DI6xFexzf18jsn5Ze3s_g8hvGzDf-zOZTvSQ,100,93,SOLO,TOP,7,9,6,266,True,False,313,1644,317,IRON,III,2,4999
NA1_5251413072,oRLhpoapz3X3vKMeaz26kATbT3h6bwUAO4v-helkX6Yk8whWClZKVL0NTNui1nhNgUy5DTHhu-T1qQ,100,273,NONE,JUNGLE,12,5,7,254,True,False,172,1644,379,UNRANKED,UNRANKED,5,24619
NA1_5251413072,8EL1nspKq_t9X5nUa33MhxV3ArYSHJZfgc9XqA5V3NZbjxJ3-UO3d9IdXY2KEuSinrta0MGs1guSYw,100,47,SOLO,MIDDLE,6,4,8,103,True,False,112,1644,537,UNRANKED,UNRANKED,3,10296
NA1_5251413072,1WzEyf0RG3905vlsSiPFF9FBGwlPet2VcTYGmnOLO8VkFxuPKJsPYWcdRDWs4lycuDL7YaeriMC3yQ,100,419,CARRY,BOTTOM,6,1,10,112,True,False,0,1644,1598,SILVER,IV,5,27891
NA1_5251413072,LF7fZUhydT-UhySBQwiszi6tOgG8SP-qq2HbufLwgkVy4KnBO3ZHmfmwwPxg_bkKkqu70tWvk7-asQ,100,72,SUPPORT,UTILITY,7,4,11,106,True,False,86,1644,716,BRONZE,II,6,32102
NA1_5251413072,ZeJBIigFar0n3tyc9u2jdEGEjVcBeX93ZVO_mcPR91kIF6xwfWzjU5d1wljfhyBSwY1oDj1cBqxQmg,200,41,NONE,TOP,5,7,5,887,False,False,227,1644,336,IRON,II,4,15177
NA1_5251413072,NJfO-kfImDEWq9XxopbAnmC2vEBmBjOVSimsaX-B2AQh_6Fvh6K9ZB7-eA5abyFyuFwzEBOQ-cmOeA,200,56,NONE,JUNGLE,3,7,5,64,False,False,267,1644,434,BRONZE,IV,6,37282
NA1_5251413072,WdyBgAR8OfZHaCjzW1OsKnNOTCfqN4MoustOqqgPDjjxBh0Ahcana7-KUsP8QsfILYueciH16Atgog,200,106,SOLO,MIDDLE,10,8,2,157,False,False,288,1644,529,IRON,III,4,16244
NA1_5251413072,1bSzpc31XF1WjASC6cZ6ZkXU61qR5yyRj-adLrbfdrO2E8Q6urRdc5OE0Gh0Yzj9Gtmih_07d3jOmQ,200,54,CARRY,BOTTOM,4,9,7,81,False,False,273,1644,252,UNRANKED,UNRANKED,17,281395
NA1_5251413072,D6bq_K_As8zWr-2yFYxtVmb4jZbVB1wsBKD5DYsop6gmtvU1WNlwKwYaoQvVdxFKua3DIbDT3Kns6w,200,96,SUPPORT,UTILITY,1,7,9,497,False,False,197,1644,414,IRON,II,24,303255
NA1_5251402553,oRLhpoapz3X3vKMeaz26kATbT3h6bwUAO4v-helkX6Yk8whWClZKVL0NTNui1nhNgUy5DTHhu-T1qQ,100,273,SUPPORT,TOP,3,6,2,106,False,False,123,1170,283,UNRANKED,UNRANKED,5,24062
NA1_5251402553,Mfht7yo0AWQOG9wUE8JU0MkHyAM8tCSDn2AHxoK7USlm1p7PcvE-dvYBEeGq_EUdTiSZR6w3SRckDA,100,271,SUPPORT,JUNGLE,4,3,3,19,False,False,79,1170,450,UNRANKED,UNRANKED,6,41808
NA1_5251402553,ttGm_U6iEvIISWS8dMcZpCootXFTGyYbDoS1icOFkSIgck18USd3te3dAorDcmW7OtYwm5qTWcV_lg,100,721,DUO,BOTTOM,2,2,3,51,False,False,35,1170,900,SILVER,IV,31,360132
NA1_5251402553,D6bq_K_As8zWr-2yFYxtVmb4jZbVB1wsBKD5DYsop6gmtvU1WNlwKwYaoQvVdxFKua3DIbDT3Kns6w,100,96,SUPPORT,MIDDLE,1,3,5,115,False,False,58,1170,646,IRON,II,11,93968
NA1_5251402553,5f_ZUvXMCUPkoJugorQ4gC1C7WziSTxh-1M_tRa-7HMmQZzYvr3cmFgjHHU1P4FecJK7Y4FSBzRWew,100,260,SUPPORT,UTILITY,1,5,4,267,False,False,110,1170,426,BRONZE,III,74,867226
NA1_5251402553,6pWeAqDDytBb-n1yF6YbhDlRCe9O4VI-hNgu4DxLBe4CqdF6MHSdnFaQV68o9VMpaBAYL9PqLbEx9w,200,62,SUPPORT,TOP,5,3,3,74,True,False,77,1170,293,UNRANKED,UNRANKED,4,16072
NA1_5251402553,JL8voeXI_7CJIUrg_zcKU_EXx91N2oZsdtfK5YjQmcnbeBnwhm0179AHDf4taTf0BDTAsn0zKySAyQ,200,250,SUPPORT,JUNGLE,10,2,4,141,True,False,37,1170,353,GOLD,IV,3,8128
NA1_5251402553,UD7WNM2nE-E-n0pddNLH_oaSimzUX6GHNF_Utehtkxpxc3E_xshBoNVlqFpUIYH0kvHVD8Cx2qEjnw,200,191,SUPPORT,MIDDLE,0,3,4,777,True,False,53,1170,622,UNRANKED,UNRANKED,4,15937
NA1_5251402553,RErtPhOfBM_HmpXn_XhxGNp1TEJgq6xFnJQJZUXdyQ0_68OIn3jyb8uWCvpBJHkcN07Zu6dbNv8vug,200,111,SUPPORT,BOTTOM,0,1,5,910,True,False,20,1170,640,UNRANKED,UNRANKED,8,53629
NA1_5251402553,7S8Z8Q4LnRwGIwjmth3WSSUgbEhZLbkCSL3MpKtZsbZHZ8w-pK7BXdthpIrvg7a6e5qGn3eeQ6dVKQ,200,281,SUPPORT,UTILITY,4,2,1,62,True,False,48,1170,606,UNRANKED,UNRANKED,30,380677
NA1_5251385561,FJksAujW2sqq3cIr3QJu9BjHt9T8A56e_Dv0NshFcauZitl2eMF8lyIysak2wxxFwdKSMYu5JcJKGA,100,9,SOLO,TOP,4,9,4,27,False,False,278,1758,375,UNRANKED,UNRANKED,2,2662
NA1_5251385561,oRLhpoapz3X3vKMeaz26kATbT3h6bwUAO4v-helkX6Yk8whWClZKVL0NTNui1nhNgUy5DTHhu-T1qQ,100,273,NONE,JUNGLE,2,3,5,113,False,False,103,1758,660,UNRANKED,UNRANKED,1,1552
NA1_5251385561,qJgWqmr5jRqKREOJipF-Q-Bb3tuq_XnUx8t25WDr_CUKpa346-lL0XirMIvEWgZLRKT_XbMTXl7xpQ,100,282,SOLO,MIDDLE,3,8,5,21,False,False,284,1758,427,IRON,III,16,211807
NA1_5251385561,zyrt-6Prkicc0jSFO9cov8_0gJ5wHgBQogZLAU_MCUWE58MBHlKPCfja-s-E4RHxfJQEYz7KSL3h9Q,100,66,CARRY,BOTTOM,15,7,4,51,False,False,221,1758,534,UNRANKED,UNRANKED,4,16389
NA1_5251385561,zi_NfCunxKRV5ywj1apxN4tEduFiiuRu190J1dZ0BjkCZH9bHdpL-acI6DsORgF9_MJ1RK8Ij5t5iw,100,116,SUPPORT,UTILITY,4,10,11,25,False,False,317,1758,407,UNRANKED,UNRANKED,4,20523
NA1_5251385561,gLJvVl1uue8uFlKgsIqdeDVV7PwwqFFkTnObQXrSCzqc6zEb83q6hRIL7OC9i0geZO9TM7O_iaPaXQ,200,26,CARRY,TOP,12,6,0,86,True,False,251,1758,406,UNRANKED,UNRANKED,8,62830
NA1_5251385561,viCHcopsZlmDmkwV3BJIF1gG3c1iQBuZQ-jvbG_GXhneQ2RjQ2ykgqwRMzEV5NZKu-9jadcnG438Mw,200,60,NONE,JUNGLE,6,7,10,19,True,False,270,1758,419,IRON,II,21,201720
NA1_5251385561,-smakxNRmfUqmbRd1CY_ogTamsLyVCuQ6bDTkRBg643GG88m2nFw61J8JSOObyFVNWmFW653d0xkZA,200,124,SOLO,MIDDLE,6,8,1,105,True,False,290,1758,470,UNRANKED,UNRANKED,6,33366
NA1_5251385561,y8XVTlxIt3emZAfyDuoVwGe_UKdNn2K6G8HEQARxxUHzKS9gB2HbXAZ1d2IgWb9lpjrga0D-gevGdA,200,71,SOLO,BOTTOM,11,1,6,202,True,False,25,1758,672,BRONZE,II,5,24518
NA1_5251385561,4EWjFg5p0hTXoPrrcCfWs18wsVxetKWgxWrnjQFOcuuFkmrPB_MhbZ_Sk8yqtDr02VqvWLvDmZjmQA,200,58,SUPPORT,UTILITY,2,6,18,26,True,False,230,1758,534,UNRANKED,UNRANKED,4,12868
NA1_5240657889,1VMoWv26tA3YeQV09tKJV5KkZSCJ0fu4-rzIrJU8-I7IPTgCcy459DvygiGR50rzrr3WNWENOAiv-w,100,405,SOLO,TOP,5,9,6,799,False,False,334,1647,523,GOLD,III,4,13315
NA1_5240657889,4s41y6ZifAAI9-AVdinAdsQ3YiOi39PE_g87kE30LTJRJjm5Jm1m1R_jIi8z4SLeKzYDbsG6H2M3uA,100,178,NONE,JUNGLE,4,7,4,102,False,False,264,1647,656,UNRANKED,UNRANKED,2,3010
NA1_5240657889,GKZlyU20rNmvL1LoWD433OjCcd5xmhjDw02HQEsJelSHWE7bg1-u8hsdMGCuSIQ0rI5q1MARWia5pg,100,468,SOLO,MIDDLE,6,8,6,246,False,False,353,1647,600,UNRANKED,UNRANKED,38,415076
NA1_5240657889,amz3fZn0QQilNUQJLyYyXzqgbNweCW6YbZCtss5zJ3AJIYK3RBAKtAbolX_F_2ROCr2TMyYmvZciOg,100,348,CARRY,BOTTOM,2,8,7,221,False,False,254,1647,397,UNRANKED,UNRANKED,3,10876
NA1_5240657889,cgA1H9215i9f_RgmzF5I7kCLMuWGFtD2zf1vHgMfRIppMZn7CwpaxQxiMwCUtP1fEgfalZHE4g9vNg,100,261,SUPPORT,UTILITY,11,8,8,800,False,False,244,1647,515,UNRANKED,UNRANKED,8,58906
NA1_5240657889,ut2TZoSdUqwTuXMXiHf6Hjm06sjn27okDB-iF0DOL_lbAzZ--J3BM7ZOHj4lZMo7Plpz-l2N2l0ewQ,200,365,SOLO,TOP,8,7,7,164,True,False,219,1647,430,GOLD,II,8,57155
NA1_5240657889,8541GtJaC4PZEay0idGLOdLeZa-lp0cee2OU8uplhA06F5-QoDKC3HhkGcEo-IOXGX5cVEz2uPZvlA,200,371,SUPPORT,JUNGLE,11,5,16,120,True,False,175,1647,457,SILVER,I,5,23248
NA1_5240657889,7HVP38ufrHKRbEjqIzocX6lkDJt8zRkQrzYq-Hni4ToY5FCECcOdhVP8AXMESmOsTPaw60eLXDldYw,200,22,CARRY,MIDDLE,4,5,7,157,True,False,221,1647,766,SILVER,I,5,21838
NA1_5240657889,TbTRpimyisI-EmQ7Jle7BonhnKqgo8Wk0huf8eEsU0K16ZWz5vhS6OT0GjLFWtIDVFQgLXyi5oRC3w,200,12,CARRY,BOTTOM,13,7,8,893,True,False,296,1647,667,UNRANKED,UNRANKED,4,20550
NA1_5240657889,ua-5PC8PC4B1jrPolTVa-TxYNUZSqQmR7GXhWoDMlYS6JZrP1ujvCDombwWWQJIDXMqLbvmSUECUww,200,21,SUPPORT,UTILITY,4,4,21,555,True,False,90,1647,288,GOLD,II,1,1572
NA1_5240635232,Udmi6yqCgGuiBnVBPLS8ZCPYQcT6zEgPyQxifMLhxc7r8vdNuwRPzRop7fR0nYNTDuQ9wrbRbPkXWg,100,27,NONE,TOP,10,6,7,164,True,False,202,1408,369,UNRANKED,UNRANKED,3,7094
NA1_5240635232,c4u8nBxJB4EUqmseZL_lxcAOqfNbO8v9BuQ36ZpCNapQApF6nzHZdhPn6Y_RP0gy1OY3Ez_HBxBTQQ,100,494,NONE,JUNGLE,7,4,4,122,True,False,104,1408,467,PLATINUM,III,6,27394
NA1_5240635232,3EInTSSgKPzMJeKevNrbxI9VQTEWXTpczb6XxEM7X87Yned4P5IYiHPGAA9hcUMaTlQ5OFTglXozlA,100,41,SOLO,MIDDLE,5,5,7,103,True,False,144,1408,339,BRONZE,I,2,3829
NA1_5240635232,7cVxXrbg98i2MPOtBUuIA_BRBxPSsRV4-3yDXtgPYTYCpyqklKBvj3S7BidKz8vBf3AJP3eGeuP4iQ,100,23,CARRY,BOTTOM,7,3,10,67,True,False,57,1408,719,UNRANKED,UNRANKED,3,12405
NA1_5240635232,daG3IJVdQI35CfdVRusSAnOUowvmJMuc-Gdp0QqnwfzH5FXY_63HIp-53sLWYZlo6V2ChT-Kstk49A,100,376,SUPPORT,UTILITY,7,3,6,800,True,False,95,1408,648,DIAMOND,IV,8,55220
NA1_5240635232,ut2TZoSdUqwTuXMXiHf6Hjm06sjn27okDB-iF0DOL_lbAzZ--J3BM7ZOHj4lZMo7Plpz-l2N2l0ewQ,200,365,SOLO,TOP,3,9,1,92,False,False,231,1408,192,GOLD,II,4,18063
NA1_5240635232,kxMuFLOmI44mKrF3lnMHQCUigs-xw99h55IC1XD7lLuDMLwj2ELfM_9MzsaH9UaSUPkculvg7CbdAA,200,192,NONE,JUNGLE,3,10,3,245,False,False,300,1408,251,IRON,IV,3,10190
NA1_5240635232,XSdnkm4XcmEmBBlq-efEKIkJudlC39A-VIbnzALQdi2RuXE1tb_oB3W6VGV3bdVx5BnWgL843an5Ag,200,1115,SOLO,MIDDLE,7,6,1,800,False,False,195,1408,472,EMERALD,IV,3,7080
NA1_5240635232,e2i_ZGZidi3-47ZV8JytanraJEMg8HVVSr_Z-KjWEpjucvlQpJmzsyzOTXdP01LP3sabyyYwsQTbWw,200,961,CARRY,BOTTOM,7,6,4,81,False,False,202,1408,417,UNRANKED,UNRANKED,24,255445
NA1_5240635232,2e8E4rcb2pF5ts3txzl4LdvdqjoKF8gLmRFGT4y-meCV78dnln2hteAXtcotq1y0qzXVcW1qasiDoQ,200,889,SUPPORT,UTILITY,1,5,12,267,False,False,132,1408,557,UNRANKED,UNRANKED,24,261655
NA1_5240614665,ut2TZoSdUqwTuXMXiHf6Hjm06sjn27okDB-iF0DOL_lbAzZ--J3BM7ZOHj4lZMo7Plpz-l2N2l0ewQ,100,365,DUO,TOP,0,10,1,92,False,False,267,1329,227,GOLD,II,4,18063
NA1_5240614665,d4_jFXlaGwpnS75Uq5yMrZ2QqIdhqouqTiYm5--ZlLwb142xKmMOhYMZ74rfCFAeNcUXCyxsIqW_ug,100,551,NONE,JUNGLE,6,6,4,141,False,False,139,1329,463,UNRANKED,UNRANKED,8,55824
NA1_5240614665,iz03YDB4PxzsPjYOdnwHibICaSgUz1VR4n7erg7CJCIOCxTiKJw9LTkQCrlAkcdk4zJ95SME2vdpeA,100,316,DUO,MIDDLE,3,3,4,45,False,False,88,1329,989,GOLD,IV,21,205218
NA1_5240614665,0DYsFe-Zg-e7yhm1GpSWnmdfeN5chuTPAQDRjc-dQXTE0UKxvc0BbltdGsvxFGtKXQOlgasrxSHhxg,100,172,CARRY,BOTTOM,3,4,4,222,False,False,65,1329,597,UNRANKED,UNRANKED,2,3335
NA1_5240614665,-zCE9SUMQqOSBd5qLB7nerKGWUJcsm4Y9lH48egQJuKemNm3Z7srUwlaI6oFIUpSq7lunHi2NsBRng,100,142,SUPPORT,UTILITY,0,3,5,111,False,False,35,1329,667,UNRANKED,UNRANKED,4,19650
NA1_5240614665,0A4QBzrr1R_PIUEZ3gwx4PEcWVYyv_B-4-r_u9CjZVSoEMnE6RRhHPs5DiNuenggPVYoV_QHcl1ljA,200,25,SOLO,TOP,9,3,4,17,True,False,58,1329,832,SILVER,I,2,2816
NA1_5240614665,vf4tvjnq5PZbxKjFQQ1ILSxE8Bx69PQPy78eLCgsJsfshH_3U6AeyV0RqG8NPtmveGpKWv8jxeGDXQ,200,487,NONE,JUNGLE,7,1,2,245,True,False,0,1329,1295,UNRANKED,UNRANKED,7,44728
NA1_5240614665,SzDLRuHsVAaopQA0zdx9MDz3D90MblYokpQRmq6qefLRhfGYXGespi3-Sd9ZvGgzfkvAxBOs_X-gmw,200,532,SOLO,MIDDLE,3,2,5,90,True,False,63,1329,483,UNRANKED,UNRANKED,4,19496
NA1_5240614665,Yrs6YOsv4dkQMT_zC5A441xOB-ABSkFxqPPTRwKDhtdmQVRZsYKW5XnJ0o2xLO-XpZo92WXeyz2IzQ,200,46,CARRY,BOTTOM,5,3,5,81,True,False,94,1329,628,SILVER,III,13,114646
NA1_5240614665,DtZt3RrUC9Z0s-9UBl1SFG8SPQXzaTv3kWFGhQmMXC2xEAdyvDsdTekD1zJy_CQ6O5NxPmBK8pswLQ,200,104,SUPPORT,UTILITY,2,3,10,25,True,False,86,1329,626,IRON,I,8,62075
NA1_5209937082,ut2TZoSdUqwTuXMXiHf6Hjm06sjn27okDB-iF0DOL_lbAzZ--J3BM7ZOHj4lZMo7Plpz-l2N2l0ewQ,100,358,DUO,TOP,5,1,3,36,True,False,39,1108,847,GOLD,II,11,96578
NA1_5209937082,lZ9s_DA8cHLb1OUM2L2laApqrqyOI0a3aGuH3KbXoLNmx-_eRD78pEG6Jh9zKCBak78um6UFS1u1Og,100,76,SUPPORT,JUNGLE,3,2,4,11,True,False,39,1108,338,UNRANKED,UNRANKED,2,3203
NA1_5209937082,aFrld248Ai2-KUr1ACDSMnKL7P89LhKVMybsSCs1Zvsu46HgeH3WDu7NTlnkSEM5sRqgNGnaCC0HYA,100,99,SUPPORT,MIDDLE,2,1,4,517,True,False,20,1108,568,UNRANKED,UNRANKED,11,91147
NA1_5209937082,6mB8HHSX9-QqF5zeVbg0JAplF1NZwMSKr3elP-MzQHMDYrHefmygmGzOf2Lum743fa1xd1aYMlOIHQ,100,65,SUPPORT,BOTTOM,5,4,2,96,True,False,86,1108,326,UNRANKED,UNRANKED,8,57913
NA1_5209937082,WAUVPLuw3Fmtgh57I_5vFyuFHt4bnzn0lKFGB77zkaKNlnvc0ng9HvwSGnPWKdaI9KWGGqbj0htHfQ,100,619,SUPPORT,UTILITY,4,2,8,99,True,False,28,1108,327,UNRANKED,UNRANKED,9,67278
NA1_5209937082,LBRAOXcC3B55M1_6bZHzj4CsjxGghd1GpOBP2D61hoSNNxueqVnGd9Ujo-rkS0a-RpUmES-6z6Dwxg,200,531,SUPPORT,TOP,1,5,2,114,False,False,119,1108,410,DIAMOND,IV,10,83780
NA1_5209937082,dVTeoZDd3jGUrL8YT00oJqKO7O-qf9TUxSUm8kGSGmmfXf-ft1zaC0cMsdRS-NdcYBzXY69oLd31LA,200,177,SUPPORT,JUNGLE,2,2,3,64,False,False,16,1108,604,UNRANKED,UNRANKED,12,126690
NA1_5209937082,O6HRwIcJ1cyJr0Fu3DMnRCcye0e6dNk1cxlorE56SuVT5uNU-dUbwyjqF8_Qg-EVF511wi27f5-0uw,200,277,SUPPORT,MIDDLE,0,5,2,711,False,False,124,1108,468,UNRANKED,UNRANKED,2,5760
NA1_5209937082,T_2Hk4wXhOQSqzOnzSpUvaliSpLfXmPMmwJIo8SMqAVAifJDgFvPiyiZDcvHDbU4JLyV9IN86k4ojA,200,400,SUPPORT,BOTTOM,4,2,1,110,False,False,28,1108,770,UNRANKED,UNRANKED,4,14095
NA1_5209937082,1c6L_5scbST3pDN5gDWS51dZPPL-i6XaOg-Wm4IE201hGUG_nP16I6PlAmjEV66VFkEJY0SW4-fuxw,200,202,SUPPORT,UTILITY,3,5,5,143,False,False,73,1108,274,UNRANKED,UNRANKED,31,364841
NA1_5209909195,OQvAS05ZW6XOgRyq6_Ta4YeNoTPNgw5RyCT21-ocplBeFVmKbm1g8laXjG9PysklYnzpTNGGLw7sIg,100,394,NONE,TOP,13,4,3,122,True,False,97,1735,629,UNRANKED,UNRANKED,39,425408
NA1_5209909195,cCv_KHx0M8q-HrR48zKfK6PYcGN6wM8BuYKFcUdMdjwpWERZgZ_DKtRxdHMVqKJomiwmKRe2K6BFZw,100,171,NONE,JUNGLE,7,6,10,233,True,False,205,1735,494,GOLD,I,34,383265
NA1_5209909195,fCRqGQ1NoLOUk_FCvjgUObmpISRJ7DTH6LWKBzjeotBttJcb8zcju-bohkpuGIZYn30XkM91lfGc1g,100,277,SOLO,MIDDLE,3,5,10,112,True,False,202,1735,495,UNRANKED,UNRANKED,4,16138
NA1_5209909195,jfnrj2CThhAybge50eqJtoSYNi4BchPQpwIN_TsZ0TuesYjVoJPI9kWm2F4VawgzuO5Xm2NAM1tZvw,100,566,CARRY,BOTTOM,6,6,5,21,True,False,166,1735,356,UNRANKED,UNRANKED,7,44862
NA1_5209909195,WAUVPLuw3Fmtgh57I_5vFyuFHt4bnzn0lKFGB77zkaKNlnvc0ng9HvwSGnPWKdaI9KWGGqbj0htHfQ,100,619,SUPPORT,UTILITY,7,4,10,99,True,False,183,1735,637,UNRANKED,UNRANKED,9,67278
NA1_5209909195,fIhdEPyy2szv3OcRygxcA8wZW6x-nqpG_LRcQes-u59AnD_KEnewkJbBDOdqHIO_7AYF2va7PSNtyQ,200,730,SOLO,TOP,3,10,2,86,False,False,345,1735,279,UNRANKED,UNRANKED,9,64826
NA1_5209909195,Aj5BR73V-C-qTtX9jVOl0Ih3v5VGXVx86HcC9sV1RjPFgw1tE5sJDKJTHFhhzye3uGHBa98xn84BaQ,200,504,NONE,JUNGLE,9,7,7,133,False,False,235,1735,449,UNRANKED,UNRANKED,8,63791
NA1_5209909195,bUBEzDw4fRBVNnuyzUWrImK5H7MeTSYUD4HGOhBTrbKq2a9fc9S_CyiCWkTU6skH-4XNu9CEuzklqA,200,422,SOLO,MIDDLE,6,10,10,126,False,False,337,1735,302,PLATINUM,III,9,67801
NA1_5209909195,9y0gJ_GQiAvfhYicSzCvaKIox6TVHawcRGEg3DIZYPMyIukAxLqu3FdQHtvmKinMzlcH6Duk69CyOg,200,356,CARRY,BOTTOM,2,5,3,51,False,False,220,1735,488,UNRANKED,UNRANKED,10,80651
NA1_5209909195,ut2TZoSdUqwTuXMXiHf6Hjm06sjn27okDB-iF0DOL_lbAzZ--J3BM7ZOHj4lZMo7Plpz-l2N2l0ewQ,200,358,SUPPORT,UTILITY,5,4,5,99,False,False,124,1735,722,GOLD,II,4,21220
